video_id,title,category,views,likes,comments,upload_date,watch_time,trend_video
vid_1,Video 1,Music,336513,16284,188,2022-04-15,397.71,False
vid_2,Video 2,Music,789325,40834,906,2024-02-11,82.51,False
vid_3,Video 3,Gaming,293717,2680,1561,2023-03-01,53.05,False
vid_4,Video 4,Vlogs,622195,40125,501,2022-09-12,73.61,False
vid_5,Video 5,Music,959378,29067,70,2023-03-05,438.69,False
vid_6,Video 6,Music,733722,2259,1087,2023-03-10,264.57,True
vid_7,Video 7,Vlogs,887388,49040,2905,2022-07-26,234.16,False
vid_8,Video 8,Education,743820,14000,4170,2022-01-28,54.25,False
vid_9,Video 9,Vlogs,783381,11540,3693,2023-11-13,325.13,True
vid_10,Video 10,Vlogs,906012,14778,595,2022-12-02,434.13,False
vid_11,Video 11,Education,427583,47304,3970,2023-08-11,414.26,True
vid_12,Video 12,Vlogs,153271,12121,3780,2023-09-20,313.4,False
vid_13,Video 13,Music,354548,6872,544,2022-03-10,38.56,False
vid_14,Video 14,Vlogs,730688,1727,3472,2024-01-16,57.09,True
vid_15,Video 15,Education,845156,44532,4021,2023-05-28,25.61,False
vid_16,Video 16,Tech,873565,8319,3408,2022-06-16,129.48,False
vid_17,Video 17,Vlogs,168477,23564,2165,2023-12-31,68.7,False
vid_18,Video 18,Gaming,230304,30332,1014,2024-02-24,130.76,False
vid_19,Video 19,Music,541277,42581,2509,2023-01-03,193.14,False
vid_20,Video 20,Music,816363,8588,336,2022-09-08,471.55,False
vid_21,Video 21,Gaming,796722,35049,4713,2023-11-17,305.58,False
vid_22,Video 22,Gaming,956871,44462,2716,2022-06-19,417.65,False
vid_23,Video 23,Vlogs,646424,40032,11,2024-01-28,355.47,False
vid_24,Video 24,Gaming,343022,19081,1043,2022-03-31,57.14,False
vid_25,Video 25,Tech,353621,1001,2491,2023-07-15,368.22,False
vid_26,Video 26,Education,473697,22544,134,2023-03-22,138.27,False
vid_27,Video 27,Gaming,732658,42158,1114,2022-10-21,319.91,False
vid_28,Video 28,Gaming,651587,18161,2709,2022-05-30,171.14,False
vid_29,Video 29,Tech,686493,2981,1871,2022-05-12,498.84,False
vid_30,Video 30,Music,768976,29963,2930,2023-03-09,132.51,False
vid_31,Video 31,Music,630974,45926,138,2022-02-28,140.29,False
vid_32,Video 32,Vlogs,945556,5722,447,2022-07-18,465.41,False
vid_33,Video 33,Tech,370430,1478,4856,2022-08-03,13.3,False
vid_34,Video 34,Education,479705,17732,2558,2023-07-15,348.65,False
vid_35,Video 35,Education,303619,28411,3139,2023-04-17,362.94,False
vid_36,Video 36,Tech,607954,5750,1231,2024-01-14,418.35,True
vid_37,Video 37,Education,359766,45301,911,2022-09-04,487.25,False
vid_38,Video 38,Music,714016,42324,3178,2023-01-17,487.83,False
vid_39,Video 39,Education,660993,7136,4496,2022-08-27,33.57,False
vid_40,Video 40,Education,411520,39355,3928,2023-01-02,411.1,True
vid_41,Video 41,Tech,108573,22599,1077,2022-06-17,323.51,False
vid_42,Video 42,Tech,754180,37116,36,2023-07-14,324.02,False
vid_43,Video 43,Education,833978,4703,557,2022-02-20,65.05,True
vid_44,Video 44,Gaming,270152,27873,2678,2023-09-02,325.44,False
vid_45,Video 45,Tech,311435,20037,576,2023-12-29,491.26,False
vid_46,Video 46,Vlogs,159477,12732,713,2023-11-20,456.0,False
vid_47,Video 47,Vlogs,249141,30707,4290,2023-01-15,220.13,False
vid_48,Video 48,Music,299530,26437,3150,2023-04-19,20.93,False
vid_49,Video 49,Education,616197,320,1600,2022-03-21,181.78,False
vid_50,Video 50,Gaming,152899,47094,4953,2023-11-28,413.37,False
vid_51,Video 51,Music,820472,4918,4704,2023-01-02,351.05,False
vid_52,Video 52,Education,585642,7449,815,2023-04-06,230.21,False
vid_53,Video 53,Tech,341687,5718,3801,2023-06-23,28.5,False
vid_54,Video 54,Vlogs,543445,27564,1367,2023-03-28,214.02,False
vid_55,Video 55,Gaming,560603,42724,3235,2023-04-09,235.04,False
vid_56,Video 56,Vlogs,299076,37444,3628,2023-04-23,464.35,False
vid_57,Video 57,Tech,415380,18355,2136,2023-02-24,320.9,True
vid_58,Video 58,Education,670774,24399,2470,2023-12-08,156.51,False
vid_59,Video 59,Tech,783957,48075,555,2022-08-02,263.13,False
vid_60,Video 60,Tech,932831,1562,2738,2023-01-04,33.96,False
vid_61,Video 61,Vlogs,901312,16005,3744,2022-04-24,486.31,False
vid_62,Video 62,Gaming,133018,25020,2572,2024-01-24,180.67,False
vid_63,Video 63,Tech,802125,16352,2089,2023-05-18,239.46,False
vid_64,Video 64,Vlogs,290385,41104,2651,2023-09-28,178.29,True
vid_65,Video 65,Gaming,902626,40681,3124,2023-08-11,341.57,False
vid_66,Video 66,Education,96790,34936,1936,2022-11-07,331.45,True
vid_67,Video 67,Education,934044,5853,626,2023-04-14,357.95,False
vid_68,Video 68,Music,597543,40105,3654,2023-12-09,134.8,False
vid_69,Video 69,Vlogs,721117,14275,1213,2022-02-13,158.52,False
vid_70,Video 70,Gaming,173275,6291,1769,2023-02-19,63.5,False
vid_71,Video 71,Tech,943585,17998,2575,2023-11-29,328.1,False
vid_72,Video 72,Education,718221,19082,3184,2022-09-03,20.86,True
vid_73,Video 73,Gaming,262439,14722,3091,2022-03-25,299.24,True
vid_74,Video 74,Vlogs,12350,1101,2640,2022-07-26,434.98,False
vid_75,Video 75,Music,711872,47745,3171,2022-05-31,445.53,True
vid_76,Video 76,Education,319953,43100,4331,2023-10-30,225.07,True
vid_77,Video 77,Gaming,102894,23383,679,2023-06-12,230.19,False
vid_78,Video 78,Gaming,360701,21535,3178,2022-06-14,39.41,False
vid_79,Video 79,Gaming,437048,27323,2131,2022-05-25,335.71,False
vid_80,Video 80,Vlogs,946873,37344,4088,2022-02-06,410.81,False
vid_81,Video 81,Vlogs,557016,30124,4161,2022-11-29,123.08,False
vid_82,Video 82,Vlogs,280720,49730,729,2023-02-07,211.23,False
vid_83,Video 83,Tech,423217,30834,2610,2023-02-18,419.58,False
vid_84,Video 84,Gaming,521841,615,3608,2022-02-14,438.68,False
vid_85,Video 85,Education,84384,45346,4679,2023-02-06,122.35,False
vid_86,Video 86,Vlogs,1390,1291,676,2022-07-25,275.73,False
vid_87,Video 87,Vlogs,481751,32364,293,2022-03-03,97.05,False
vid_88,Video 88,Gaming,832868,43728,3913,2023-02-24,51.84,True
vid_89,Video 89,Vlogs,536857,46316,3575,2023-04-13,455.65,True
vid_90,Video 90,Tech,407245,6397,2244,2022-01-19,410.43,True
vid_91,Video 91,Tech,23490,27956,4603,2022-12-31,380.26,False
vid_92,Video 92,Vlogs,833307,49523,1475,2022-10-27,25.33,False
vid_93,Video 93,Gaming,495080,8434,139,2022-01-07,422.02,False
vid_94,Video 94,Gaming,793299,24262,4744,2024-01-31,219.58,False
vid_95,Video 95,Gaming,606108,6108,2070,2023-03-04,171.86,False
vid_96,Video 96,Music,362659,8087,3682,2022-04-27,273.69,True
vid_97,Video 97,Vlogs,272265,31066,2504,2023-08-03,46.59,False
vid_98,Video 98,Gaming,2539,3432,1002,2023-05-22,378.57,False
vid_99,Video 99,Tech,411243,887,2131,2023-06-30,291.64,False
vid_100,Video 100,Education,390546,39090,2594,2023-12-07,94.11,False
vid_101,Video 101,Education,861661,9973,4206,2022-11-21,94.93,True
vid_102,Video 102,Gaming,927425,17106,2233,2022-02-24,92.94,True
vid_103,Video 103,Education,313579,20325,4532,2024-02-17,29.44,True
vid_104,Video 104,Education,516584,36544,3198,2022-02-11,294.31,False
vid_105,Video 105,Music,928814,35440,3247,2022-10-24,420.33,False
vid_106,Video 106,Tech,64965,39783,4146,2022-08-19,9.73,False
vid_107,Video 107,Tech,516249,5133,4534,2023-03-29,25.45,False
vid_108,Video 108,Music,374192,7888,353,2023-01-29,286.81,False
vid_109,Video 109,Music,883876,15789,4471,2023-06-06,409.93,False
vid_110,Video 110,Education,333066,44320,4714,2022-12-24,164.04,True
vid_111,Video 111,Vlogs,98799,21698,4833,2023-03-20,175.46,False
vid_112,Video 112,Education,94948,37580,2286,2022-05-08,298.58,False
vid_113,Video 113,Music,477055,29803,4930,2023-11-22,137.83,True
vid_114,Video 114,Tech,144314,166,3211,2023-02-09,14.28,False
vid_115,Video 115,Education,249099,48723,898,2023-01-27,367.88,False
vid_116,Video 116,Vlogs,796379,45346,2053,2022-07-12,313.2,False
vid_117,Video 117,Education,768610,7633,1351,2023-08-27,290.8,False
vid_118,Video 118,Gaming,727826,15203,3730,2024-01-13,371.1,False
vid_119,Video 119,Education,760066,4716,2893,2022-03-19,337.94,False
vid_120,Video 120,Music,256821,46145,4222,2022-03-26,103.74,True
vid_121,Video 121,Tech,718176,38598,2425,2022-01-30,176.89,True
vid_122,Video 122,Tech,311929,43592,1127,2023-12-26,63.93,True
vid_123,Video 123,Music,907395,11872,4273,2022-02-18,65.8,True
vid_124,Video 124,Gaming,787939,23949,3011,2024-02-16,338.42,False
vid_125,Video 125,Music,461188,49136,1748,2022-05-25,429.44,False
vid_126,Video 126,Education,683511,13040,1374,2022-03-10,481.4,True
vid_127,Video 127,Music,12618,17032,2718,2022-02-27,314.55,False
vid_128,Video 128,Music,337430,29869,4800,2023-11-28,92.87,True
vid_129,Video 129,Gaming,279266,24748,934,2023-07-28,53.72,False
vid_130,Video 130,Education,663714,47511,161,2023-04-24,406.61,False
vid_131,Video 131,Vlogs,897030,33066,595,2023-03-21,289.8,False
vid_132,Video 132,Vlogs,949483,27877,922,2022-10-23,309.52,False
vid_133,Video 133,Tech,611724,32667,2331,2023-11-09,390.95,False
vid_134,Video 134,Music,211448,49823,505,2022-06-20,351.94,False
vid_135,Video 135,Tech,971278,17274,3805,2023-07-29,417.39,False
vid_136,Video 136,Gaming,496919,42698,2158,2022-05-27,29.05,True
vid_137,Video 137,Vlogs,137109,13898,566,2023-04-29,374.01,True
vid_138,Video 138,Music,29633,17658,1562,2022-11-02,425.58,True
vid_139,Video 139,Gaming,811927,44337,2130,2023-11-04,143.78,False
vid_140,Video 140,Gaming,851982,278,3095,2023-10-15,320.58,True
vid_141,Video 141,Music,213456,20570,3514,2023-09-01,157.77,False
vid_142,Video 142,Gaming,299627,17218,166,2023-03-22,479.03,False
vid_143,Video 143,Music,376325,22716,744,2022-08-09,17.68,False
vid_144,Video 144,Music,467589,898,4664,2023-07-09,290.32,False
vid_145,Video 145,Education,297213,7701,3286,2023-01-13,84.09,True
vid_146,Video 146,Tech,139442,25463,164,2023-09-12,356.4,True
vid_147,Video 147,Gaming,645161,2895,1006,2022-09-23,88.77,False
vid_148,Video 148,Gaming,904275,32026,2304,2022-04-05,118.46,False
vid_149,Video 149,Education,72947,45364,4636,2022-09-19,247.69,False
vid_150,Video 150,Education,171205,37456,2915,2022-03-12,457.5,True
vid_151,Video 151,Education,752395,7397,4834,2022-08-07,106.65,False
vid_152,Video 152,Vlogs,96761,3184,1187,2023-06-17,72.98,True
vid_153,Video 153,Vlogs,376897,30429,163,2022-04-02,379.73,False
vid_154,Video 154,Vlogs,919196,11210,4197,2022-05-07,250.81,False
vid_155,Video 155,Music,554214,831,1726,2022-03-21,455.98,False
vid_156,Video 156,Gaming,887214,1229,3212,2022-08-26,74.16,True
vid_157,Video 157,Tech,105700,28122,2867,2023-01-07,323.32,True
vid_158,Video 158,Music,337128,1705,796,2023-05-01,117.21,False
vid_159,Video 159,Gaming,437606,12070,4378,2023-11-25,79.22,False
vid_160,Video 160,Gaming,574881,43805,4282,2022-01-25,342.03,False
vid_161,Video 161,Education,863041,44230,3777,2022-06-05,297.25,False
vid_162,Video 162,Education,6209,29365,2888,2023-06-01,377.66,False
vid_163,Video 163,Music,651988,32430,652,2023-09-24,155.42,True
vid_164,Video 164,Education,400749,3033,4672,2024-02-28,224.54,False
vid_165,Video 165,Gaming,611885,15287,675,2023-06-14,203.33,False
vid_166,Video 166,Education,270355,25891,3436,2023-12-11,492.06,False
vid_167,Video 167,Vlogs,10927,25000,3793,2022-02-26,146.83,True
vid_168,Video 168,Education,733823,5174,3711,2023-08-28,148.11,False
vid_169,Video 169,Gaming,642621,46905,1079,2022-01-19,177.92,False
vid_170,Video 170,Music,156666,26526,2359,2023-01-19,282.73,False
vid_171,Video 171,Tech,731212,39967,4513,2022-07-12,126.91,False
vid_172,Video 172,Education,209785,993,1222,2022-08-25,457.73,True
vid_173,Video 173,Gaming,339526,34258,1162,2023-01-22,133.58,False
vid_174,Video 174,Tech,140005,19873,2521,2023-03-02,448.01,False
vid_175,Video 175,Tech,629068,4339,153,2022-10-04,52.63,False
vid_176,Video 176,Vlogs,565984,20963,2499,2022-08-15,328.62,False
vid_177,Video 177,Tech,197521,3532,3238,2024-01-15,453.59,True
vid_178,Video 178,Gaming,330760,35239,4592,2023-07-06,85.21,False
vid_179,Video 179,Gaming,924593,1615,4965,2022-11-19,484.2,True
vid_180,Video 180,Education,450764,31770,3215,2022-06-02,226.99,False
vid_181,Video 181,Education,158195,48774,4253,2023-10-01,472.91,False
vid_182,Video 182,Education,402013,39194,3152,2022-08-25,338.73,False
vid_183,Video 183,Tech,51013,14705,3314,2022-02-24,151.49,False
vid_184,Video 184,Tech,402562,5686,1367,2023-03-12,94.96,True
vid_185,Video 185,Vlogs,217486,35785,2723,2023-11-15,152.56,False
vid_186,Video 186,Education,427888,48769,4195,2022-04-19,47.42,False
vid_187,Video 187,Music,411869,31286,1367,2022-07-03,72.79,True
vid_188,Video 188,Vlogs,836988,27028,4304,2023-01-03,53.23,False
vid_189,Video 189,Music,911155,32828,4643,2022-07-17,212.05,False
vid_190,Video 190,Tech,764638,17651,3202,2023-01-06,397.99,True
vid_191,Video 191,Vlogs,551428,21593,310,2023-01-08,71.55,False
vid_192,Video 192,Vlogs,264328,20811,733,2023-05-12,66.03,True
vid_193,Video 193,Gaming,428709,20139,3020,2023-08-22,322.07,False
vid_194,Video 194,Tech,962652,36661,77,2022-07-20,99.39,True
vid_195,Video 195,Tech,681206,10047,3846,2023-05-24,49.71,False
vid_196,Video 196,Vlogs,112361,32435,4003,2022-11-18,84.26,False
vid_197,Video 197,Tech,678555,15959,2516,2022-10-02,461.94,False
vid_198,Video 198,Vlogs,793038,23222,1547,2022-07-30,410.91,False
vid_199,Video 199,Gaming,398172,1677,407,2023-05-19,177.68,False
vid_200,Video 200,Vlogs,17555,42356,4725,2022-04-28,328.25,False
vid_201,Video 201,Tech,525213,28450,3367,2023-12-04,269.1,True
vid_202,Video 202,Tech,615673,42032,1173,2023-07-08,338.89,False
vid_203,Video 203,Vlogs,412906,33898,4835,2022-02-11,341.65,False
vid_204,Video 204,Vlogs,321646,31998,565,2022-11-11,314.74,False
vid_205,Video 205,Vlogs,256658,15981,3671,2024-02-27,133.78,False
vid_206,Video 206,Education,443065,10885,1761,2022-11-25,20.46,False
vid_207,Video 207,Tech,682707,6791,2951,2022-01-17,228.33,False
vid_208,Video 208,Tech,755085,17397,2667,2022-10-10,445.6,False
vid_209,Video 209,Education,104844,6458,2805,2022-09-15,285.18,True
vid_210,Video 210,Vlogs,92321,19681,2339,2023-07-29,416.36,False
vid_211,Video 211,Gaming,836488,1562,1969,2023-07-28,495.82,False
vid_212,Video 212,Vlogs,720211,15611,1611,2023-09-04,82.64,False
vid_213,Video 213,Vlogs,99234,10670,2803,2022-01-19,346.2,False
vid_214,Video 214,Education,475718,48765,1490,2023-06-13,337.47,True
vid_215,Video 215,Tech,752993,44514,1112,2023-02-27,490.0,False
vid_216,Video 216,Vlogs,999922,15574,3286,2023-04-11,492.81,False
vid_217,Video 217,Tech,726571,7137,1309,2023-01-08,343.65,True
vid_218,Video 218,Music,829282,28229,3889,2024-01-28,122.56,False
vid_219,Video 219,Tech,472761,42367,1545,2024-02-02,399.48,True
vid_220,Video 220,Gaming,290987,13486,87,2022-03-22,54.41,False
vid_221,Video 221,Gaming,325464,6321,2841,2023-07-05,390.57,True
vid_222,Video 222,Vlogs,555081,23574,3420,2023-07-02,455.19,False
vid_223,Video 223,Tech,958020,40637,2731,2023-02-28,192.03,False
vid_224,Video 224,Vlogs,674217,49939,3637,2023-03-05,315.69,False
vid_225,Video 225,Education,20627,47224,1542,2023-01-23,215.64,False
vid_226,Video 226,Gaming,324966,21145,247,2023-12-10,219.44,False
vid_227,Video 227,Vlogs,478317,25883,2006,2023-11-01,155.88,False
vid_228,Video 228,Education,223633,40257,3437,2022-07-23,381.3,True
vid_229,Video 229,Vlogs,970752,5022,287,2022-07-15,468.15,False
vid_230,Video 230,Tech,318942,46507,3099,2023-12-29,470.43,True
vid_231,Video 231,Tech,749728,22806,533,2022-10-12,88.22,False
vid_232,Video 232,Tech,700476,42871,4285,2022-07-15,437.5,False
vid_233,Video 233,Tech,338462,32579,4228,2022-11-03,368.98,False
vid_234,Video 234,Music,367330,5278,3132,2023-10-26,127.17,False
vid_235,Video 235,Education,783479,30122,4585,2022-01-14,34.58,True
vid_236,Video 236,Education,351046,15340,1807,2022-05-26,134.73,False
vid_237,Video 237,Tech,422773,26320,2141,2022-02-26,456.19,False
vid_238,Video 238,Music,334478,36836,825,2023-12-24,316.96,False
vid_239,Video 239,Tech,469379,2816,2704,2024-02-19,360.81,False
vid_240,Video 240,Music,369863,16674,452,2022-07-29,129.32,True
vid_241,Video 241,Tech,124099,46379,3150,2023-06-13,359.97,False
vid_242,Video 242,Gaming,734362,17819,152,2022-12-10,15.03,False
vid_243,Video 243,Gaming,698974,8281,4297,2023-12-16,188.29,False
vid_244,Video 244,Vlogs,275864,45863,1420,2023-09-03,313.75,False
vid_245,Video 245,Tech,320752,44166,4483,2022-10-06,73.9,False
vid_246,Video 246,Education,108449,49630,544,2022-07-28,411.68,False
vid_247,Video 247,Vlogs,103828,20313,1726,2023-10-03,118.28,True
vid_248,Video 248,Gaming,127613,6480,3374,2022-12-01,326.49,False
vid_249,Video 249,Tech,73095,715,1042,2022-10-15,203.19,False
vid_250,Video 250,Vlogs,631212,563,3352,2022-09-09,298.43,False
vid_251,Video 251,Tech,478910,32073,1420,2022-09-22,54.62,False
vid_252,Video 252,Gaming,621740,9258,4510,2022-09-28,9.44,False
vid_253,Video 253,Vlogs,88593,20751,1182,2023-12-01,454.87,False
vid_254,Video 254,Gaming,692252,3258,898,2023-02-23,135.55,False
vid_255,Video 255,Music,894407,20108,3348,2023-12-27,410.02,False
vid_256,Video 256,Gaming,340386,46302,4527,2022-07-30,499.68,False
vid_257,Video 257,Tech,903473,5038,1651,2022-12-31,106.5,False
vid_258,Video 258,Education,127202,38285,481,2022-03-17,133.32,True
vid_259,Video 259,Gaming,78606,22488,2950,2023-10-22,331.77,False
vid_260,Video 260,Education,124769,8981,556,2022-11-17,482.76,False
vid_261,Video 261,Music,119542,5703,4736,2023-12-26,457.99,False
vid_262,Video 262,Vlogs,369582,35080,3607,2023-03-09,251.93,False
vid_263,Video 263,Vlogs,788356,22604,2835,2022-04-19,397.76,False
vid_264,Video 264,Education,576610,16866,3733,2023-10-03,68.74,False
vid_265,Video 265,Vlogs,158550,28486,373,2023-06-06,488.74,True
vid_266,Video 266,Gaming,596330,11795,2176,2022-02-16,482.21,False
vid_267,Video 267,Education,571706,17896,3319,2023-01-14,82.7,False
vid_268,Video 268,Tech,456433,42643,555,2022-04-06,150.41,False
vid_269,Video 269,Gaming,625987,14659,3250,2022-04-13,50.98,False
vid_270,Video 270,Gaming,91140,39014,4739,2022-05-26,136.59,False
vid_271,Video 271,Gaming,999350,33239,1946,2022-01-27,408.16,False
vid_272,Video 272,Tech,467978,38433,972,2024-01-02,189.78,False
vid_273,Video 273,Music,537069,8902,3015,2023-06-14,45.11,False
vid_274,Video 274,Vlogs,399731,8407,3816,2023-11-10,171.77,False
vid_275,Video 275,Education,380502,40305,892,2022-03-23,490.71,False
vid_276,Video 276,Music,299277,33314,3850,2023-03-04,315.21,False
vid_277,Video 277,Education,98628,34259,880,2023-08-07,208.66,False
vid_278,Video 278,Vlogs,602234,11616,4621,2023-04-24,84.1,False
vid_279,Video 279,Tech,86058,29186,2995,2024-02-05,493.1,False
vid_280,Video 280,Gaming,927599,48322,875,2022-06-11,410.6,False
vid_281,Video 281,Gaming,482799,30580,4319,2023-02-06,141.46,False
vid_282,Video 282,Tech,152542,44759,3213,2023-05-23,35.96,False
vid_283,Video 283,Music,306273,47866,2907,2022-02-07,29.26,False
vid_284,Video 284,Music,271675,38837,2254,2023-05-26,61.07,False
vid_285,Video 285,Education,300182,9365,28,2023-01-28,290.8,False
vid_286,Video 286,Tech,351083,48729,651,2023-12-14,464.45,False
vid_287,Video 287,Music,43674,5554,3093,2023-05-09,248.87,True
vid_288,Video 288,Tech,128572,36018,339,2022-07-19,421.63,False
vid_289,Video 289,Vlogs,751018,26281,875,2022-09-12,223.5,False
vid_290,Video 290,Gaming,476692,15486,783,2022-06-28,354.58,False
vid_291,Video 291,Gaming,292975,39282,4497,2023-07-01,366.2,False
vid_292,Video 292,Gaming,582462,37525,4742,2023-08-17,87.81,True
vid_293,Video 293,Tech,798711,43354,2364,2023-01-24,181.25,True
vid_294,Video 294,Tech,432436,24427,3348,2023-02-02,319.01,False
vid_295,Video 295,Education,848042,21281,3528,2024-01-02,36.28,False
vid_296,Video 296,Gaming,446935,47762,2952,2022-06-07,181.41,False
vid_297,Video 297,Education,781296,21552,2577,2022-01-04,267.86,True
vid_298,Video 298,Gaming,54051,38348,1684,2022-06-16,498.12,True
vid_299,Video 299,Education,204085,40901,2693,2023-04-13,237.79,False
vid_300,Video 300,Education,319796,33851,3390,2023-02-13,408.21,False
vid_301,Video 301,Vlogs,66524,22091,749,2023-02-16,216.6,False
vid_302,Video 302,Education,477152,41411,1555,2022-07-23,398.4,False
vid_303,Video 303,Tech,269614,10016,4574,2022-07-13,298.11,False
vid_304,Video 304,Education,461814,10243,2269,2022-08-23,443.41,True
vid_305,Video 305,Gaming,960302,25955,1145,2023-12-19,206.06,True
vid_306,Video 306,Education,518733,15681,883,2022-05-30,302.55,False
vid_307,Video 307,Music,316617,2007,4565,2022-06-08,315.38,False
vid_308,Video 308,Gaming,938384,29524,2310,2022-10-06,209.27,False
vid_309,Video 309,Music,756477,23408,761,2023-02-08,73.01,False
vid_310,Video 310,Gaming,45439,42084,863,2023-11-09,47.69,False
vid_311,Video 311,Tech,277452,41605,3742,2022-11-07,9.32,False
vid_312,Video 312,Tech,92563,46625,2293,2022-03-09,436.89,False
vid_313,Video 313,Tech,752616,37042,1339,2023-04-08,119.0,True
vid_314,Video 314,Music,298225,27057,487,2022-03-29,106.54,False
vid_315,Video 315,Vlogs,731602,25564,2736,2022-08-05,368.28,False
vid_316,Video 316,Gaming,444599,48576,3101,2022-01-01,160.69,False
vid_317,Video 317,Tech,535125,23749,4240,2022-05-15,253.52,False
vid_318,Video 318,Gaming,760495,42165,4515,2023-11-28,82.09,True
vid_319,Video 319,Music,970655,27225,1279,2022-12-17,479.91,False
vid_320,Video 320,Vlogs,643416,34858,4191,2022-05-20,425.94,True
vid_321,Video 321,Music,168896,5696,2613,2023-09-10,432.03,False
vid_322,Video 322,Gaming,689433,16474,1479,2022-05-13,203.98,False
vid_323,Video 323,Vlogs,900083,3875,387,2023-09-12,381.42,False
vid_324,Video 324,Vlogs,622912,27488,1690,2022-06-27,72.79,False
vid_325,Video 325,Music,420515,21129,251,2022-12-24,5.3,False
vid_326,Video 326,Tech,715221,18545,929,2023-01-15,10.97,False
vid_327,Video 327,Gaming,31063,48574,79,2023-10-20,293.71,False
vid_328,Video 328,Education,594741,14745,3934,2023-03-26,228.24,True
vid_329,Video 329,Education,255371,31205,2096,2023-08-09,259.49,False
vid_330,Video 330,Music,986976,13768,2017,2023-04-08,4.72,False
vid_331,Video 331,Gaming,103166,16060,810,2022-04-18,211.92,False
vid_332,Video 332,Gaming,15506,11457,2789,2022-05-02,359.32,False
vid_333,Video 333,Music,226413,37303,4930,2022-01-17,221.9,False
vid_334,Video 334,Gaming,998358,15904,765,2022-07-15,366.38,False
vid_335,Video 335,Tech,114604,14726,2005,2022-11-23,117.28,True
vid_336,Video 336,Music,27026,28232,1331,2022-11-14,406.76,False
vid_337,Video 337,Tech,421888,8051,2340,2023-04-24,294.63,False
vid_338,Video 338,Gaming,956921,6549,119,2022-09-09,106.17,False
vid_339,Video 339,Music,315557,19165,1026,2023-05-18,119.12,False
vid_340,Video 340,Gaming,256116,36067,3875,2022-04-29,314.39,False
vid_341,Video 341,Music,328210,39636,34,2023-11-05,415.14,False
vid_342,Video 342,Gaming,191285,9230,4948,2023-12-11,208.4,False
vid_343,Video 343,Tech,51971,23924,2848,2023-05-13,129.89,True
vid_344,Video 344,Tech,421497,41501,747,2023-05-01,433.64,False
vid_345,Video 345,Gaming,114978,37093,189,2022-02-14,334.96,False
vid_346,Video 346,Music,160163,31975,241,2022-11-10,224.59,False
vid_347,Video 347,Education,837926,49848,1927,2022-06-28,244.46,False
vid_348,Video 348,Tech,104864,6154,352,2023-02-22,102.92,False
vid_349,Video 349,Tech,937114,34373,4582,2023-07-10,313.77,False
vid_350,Video 350,Education,395295,41921,2633,2024-02-22,180.01,True
vid_351,Video 351,Gaming,620674,48617,464,2022-03-19,497.83,False
vid_352,Video 352,Music,440967,10932,4394,2022-11-22,240.61,False
vid_353,Video 353,Gaming,611414,29770,4635,2023-11-21,243.46,False
vid_354,Video 354,Vlogs,449648,49212,2286,2022-12-23,283.36,False
vid_355,Video 355,Tech,687311,22952,605,2023-02-20,458.46,False
vid_356,Video 356,Vlogs,606151,23720,3884,2023-05-30,400.61,False
vid_357,Video 357,Tech,341435,28407,4540,2022-08-02,226.11,False
vid_358,Video 358,Tech,126659,47651,4987,2022-03-15,359.63,True
vid_359,Video 359,Vlogs,716232,1651,4507,2023-07-17,293.53,False
vid_360,Video 360,Vlogs,8235,48022,2679,2023-08-02,246.69,False
vid_361,Video 361,Gaming,345877,27912,2145,2023-05-24,96.97,False
vid_362,Video 362,Vlogs,63712,13899,3974,2022-11-28,232.5,False
vid_363,Video 363,Gaming,153545,26412,1575,2022-04-03,123.66,False
vid_364,Video 364,Gaming,723927,39720,318,2023-11-19,457.51,False
vid_365,Video 365,Gaming,763178,1549,352,2023-10-19,168.37,False
vid_366,Video 366,Tech,126849,24526,445,2023-06-03,476.18,False
vid_367,Video 367,Tech,256493,35527,186,2022-09-26,266.99,False
vid_368,Video 368,Vlogs,605111,40377,148,2023-01-11,316.14,False
vid_369,Video 369,Tech,105215,31651,203,2022-01-04,271.93,False
vid_370,Video 370,Vlogs,766359,24377,3267,2022-05-18,65.56,False
vid_371,Video 371,Tech,33230,35589,3245,2022-08-19,188.53,False
vid_372,Video 372,Music,347717,45312,952,2023-08-23,50.47,True
vid_373,Video 373,Music,748948,9737,4630,2023-06-13,311.85,False
vid_374,Video 374,Vlogs,463092,43358,3889,2022-02-21,223.99,False
vid_375,Video 375,Tech,303788,35793,3123,2023-10-08,389.21,False
vid_376,Video 376,Tech,180736,9924,2972,2023-12-24,111.01,False
vid_377,Video 377,Gaming,832635,27050,4846,2022-11-21,83.12,False
vid_378,Video 378,Education,329821,23588,4967,2024-01-01,203.76,True
vid_379,Video 379,Vlogs,419641,39108,963,2023-12-18,463.37,False
vid_380,Video 380,Education,648534,49764,1312,2023-12-24,355.5,False
vid_381,Video 381,Education,85817,315,3391,2022-10-04,210.04,False
vid_382,Video 382,Vlogs,239657,40167,2890,2023-06-20,259.12,True
vid_383,Video 383,Tech,218033,11623,2197,2023-05-01,43.02,False
vid_384,Video 384,Vlogs,232414,10464,4897,2023-05-31,492.3,False
vid_385,Video 385,Education,257812,3253,555,2022-06-01,333.54,False
vid_386,Video 386,Tech,857238,23934,1937,2023-04-28,143.42,False
vid_387,Video 387,Music,305958,34574,4162,2022-09-16,293.32,False
vid_388,Video 388,Vlogs,595507,43166,14,2022-11-20,55.63,False
vid_389,Video 389,Vlogs,968150,34435,3491,2022-06-17,482.95,False
vid_390,Video 390,Tech,171956,10500,3263,2023-11-19,88.22,True
vid_391,Video 391,Music,358489,10445,1372,2022-11-06,324.37,False
vid_392,Video 392,Music,258134,33996,1830,2023-04-24,123.48,False
vid_393,Video 393,Tech,363232,19994,2673,2022-02-25,359.06,True
vid_394,Video 394,Gaming,856754,28999,2948,2023-09-12,388.63,False
vid_395,Video 395,Vlogs,22650,40735,1283,2023-04-18,337.04,False
vid_396,Video 396,Vlogs,357386,28329,3336,2022-10-23,307.64,False
vid_397,Video 397,Education,927694,5683,3669,2023-04-06,446.34,False
vid_398,Video 398,Tech,825628,4997,2955,2022-11-20,40.23,False
vid_399,Video 399,Education,171521,6101,3028,2022-05-21,166.13,False
vid_400,Video 400,Education,171733,43981,1141,2023-10-29,124.9,False
vid_401,Video 401,Music,817141,4667,4773,2022-09-19,494.02,False
vid_402,Video 402,Vlogs,243037,9371,2646,2024-02-24,195.31,False
vid_403,Video 403,Education,81428,47216,3039,2023-02-24,366.57,False
vid_404,Video 404,Music,207251,11803,3029,2024-01-14,342.68,False
vid_405,Video 405,Tech,535231,13429,4387,2022-08-29,106.83,True
vid_406,Video 406,Education,699600,35609,3169,2022-12-21,120.26,True
vid_407,Video 407,Vlogs,439976,6356,263,2024-02-09,141.36,False
vid_408,Video 408,Education,22042,328,338,2024-01-31,206.15,False
vid_409,Video 409,Tech,778130,24846,2601,2023-08-12,117.93,True
vid_410,Video 410,Education,831326,16778,2840,2022-06-29,10.81,False
vid_411,Video 411,Vlogs,925373,37152,3054,2022-03-07,439.82,True
vid_412,Video 412,Music,979582,46132,1430,2022-12-14,482.84,False
vid_413,Video 413,Vlogs,319903,46258,3411,2022-06-20,171.44,False
vid_414,Video 414,Music,369117,23285,2902,2023-04-19,169.91,False
vid_415,Video 415,Gaming,831738,33786,664,2023-06-18,4.54,False
vid_416,Video 416,Vlogs,895801,11545,769,2023-01-02,340.45,True
vid_417,Video 417,Vlogs,711731,33366,1808,2022-04-17,412.89,False
vid_418,Video 418,Tech,677278,2909,2981,2023-03-15,74.16,False
vid_419,Video 419,Education,815811,37829,4521,2022-08-15,80.67,False
vid_420,Video 420,Music,383811,41885,3436,2023-03-20,395.25,False
vid_421,Video 421,Music,502691,36647,264,2023-03-18,308.53,False
vid_422,Video 422,Tech,215304,42918,3833,2023-01-31,23.39,False
vid_423,Video 423,Tech,397178,34986,1886,2023-12-29,311.65,True
vid_424,Video 424,Education,670211,6491,2767,2023-08-04,155.15,False
vid_425,Video 425,Education,905058,245,2634,2022-03-25,184.99,False
vid_426,Video 426,Vlogs,439963,14029,4131,2023-09-07,385.1,True
vid_427,Video 427,Gaming,912612,24426,3014,2023-07-05,405.66,False
vid_428,Video 428,Education,315493,30091,4526,2022-01-13,200.78,False
vid_429,Video 429,Tech,202904,47785,3744,2023-11-24,473.63,False
vid_430,Video 430,Education,712716,37433,1254,2023-05-08,203.82,False
vid_431,Video 431,Music,671105,16676,1018,2022-09-25,386.15,False
vid_432,Video 432,Gaming,6730,39505,4324,2023-06-09,242.45,False
vid_433,Video 433,Vlogs,408137,28564,1520,2022-04-30,448.87,True
vid_434,Video 434,Music,754790,8343,1969,2022-12-19,453.97,False
vid_435,Video 435,Music,203210,31701,2518,2022-02-26,44.62,True
vid_436,Video 436,Gaming,739471,2510,4768,2022-02-09,468.31,False
vid_437,Video 437,Vlogs,20023,1920,2692,2022-12-02,412.94,False
vid_438,Video 438,Tech,963853,35389,999,2023-10-02,395.86,False
vid_439,Video 439,Vlogs,652084,38750,4294,2022-06-22,101.25,False
vid_440,Video 440,Education,868965,34735,264,2023-07-01,402.75,False
vid_441,Video 441,Music,346430,7565,4173,2022-09-16,425.22,False
vid_442,Video 442,Education,829411,32539,4721,2023-06-01,145.29,False
vid_443,Video 443,Tech,810269,27414,4979,2023-12-31,476.18,False
vid_444,Video 444,Education,409213,44329,4462,2023-06-07,25.88,False
vid_445,Video 445,Vlogs,892407,19683,265,2022-04-27,75.8,True
vid_446,Video 446,Education,701399,27255,1017,2022-07-03,269.25,False
vid_447,Video 447,Tech,521610,38971,1765,2022-04-26,288.32,True
vid_448,Video 448,Tech,21923,12297,2581,2022-06-11,322.93,False
vid_449,Video 449,Tech,796308,29611,3918,2023-08-02,9.47,False
vid_450,Video 450,Vlogs,848405,15524,3007,2023-12-13,480.22,False
vid_451,Video 451,Tech,397103,48921,2813,2023-06-27,23.25,True
vid_452,Video 452,Music,195795,340,3775,2023-08-10,72.39,True
vid_453,Video 453,Tech,829854,4731,4389,2022-08-25,7.99,False
vid_454,Video 454,Education,234462,9699,3393,2022-03-07,283.86,False
vid_455,Video 455,Education,52413,44562,108,2022-03-11,466.2,False
vid_456,Video 456,Education,889916,24758,206,2023-03-23,333.31,False
vid_457,Video 457,Vlogs,921345,37945,2539,2023-02-20,411.51,False
vid_458,Video 458,Education,256719,32674,887,2023-06-16,7.63,False
vid_459,Video 459,Vlogs,554044,36636,1878,2023-03-17,271.47,False
vid_460,Video 460,Vlogs,334720,42010,2675,2024-01-08,230.32,False
vid_461,Video 461,Tech,643536,8095,1398,2023-04-09,249.99,False
vid_462,Video 462,Music,273448,25286,2425,2023-01-31,37.03,False
vid_463,Video 463,Tech,555629,29345,579,2023-12-12,342.53,True
vid_464,Video 464,Tech,923262,22913,2647,2023-07-05,252.11,False
vid_465,Video 465,Vlogs,411226,13376,1075,2023-10-19,382.81,True
vid_466,Video 466,Vlogs,128039,20089,431,2023-07-11,243.16,False
vid_467,Video 467,Education,717118,12846,2893,2023-01-30,75.54,False
vid_468,Video 468,Education,688018,44343,1214,2022-11-22,324.48,False
vid_469,Video 469,Tech,181074,18657,554,2022-04-01,87.02,True
vid_470,Video 470,Gaming,759678,28160,4176,2024-01-20,436.32,False
vid_471,Video 471,Gaming,657735,6668,3649,2022-03-11,306.95,True
vid_472,Video 472,Education,624773,35469,1233,2022-06-15,79.44,True
vid_473,Video 473,Gaming,809524,19141,3182,2023-10-04,481.21,False
vid_474,Video 474,Education,132562,6180,777,2022-08-02,259.66,False
vid_475,Video 475,Vlogs,4729,13954,3667,2023-08-24,37.38,False
vid_476,Video 476,Tech,662334,2259,664,2022-12-01,313.79,False
vid_477,Video 477,Music,643510,27125,2456,2024-02-03,127.35,False
vid_478,Video 478,Tech,348360,41181,230,2023-01-04,402.04,True
vid_479,Video 479,Education,609148,4468,3676,2023-08-07,409.09,False
vid_480,Video 480,Education,259360,34185,4287,2023-11-08,489.49,False
vid_481,Video 481,Tech,360014,27194,4412,2022-02-18,251.43,False
vid_482,Video 482,Education,22398,46140,2579,2022-02-21,228.02,False
vid_483,Video 483,Gaming,297794,1330,1023,2022-10-16,376.98,False
vid_484,Video 484,Gaming,939796,17617,2061,2024-02-29,67.1,False
vid_485,Video 485,Education,629177,24091,3995,2023-09-18,273.91,False
vid_486,Video 486,Education,266303,1401,4953,2022-08-27,273.58,False
vid_487,Video 487,Gaming,361306,28710,4909,2022-05-13,45.65,True
vid_488,Video 488,Education,456982,16027,4320,2024-02-25,209.57,False
vid_489,Video 489,Education,226959,34778,3029,2022-06-15,426.79,False
vid_490,Video 490,Tech,628122,24566,3691,2023-01-09,428.22,False
vid_491,Video 491,Music,411281,15004,1453,2023-01-08,50.52,True
vid_492,Video 492,Gaming,546926,40975,4206,2023-04-23,46.27,True
vid_493,Video 493,Tech,788505,26181,3020,2024-01-25,132.09,False
vid_494,Video 494,Music,440727,24454,582,2023-04-24,437.51,True
vid_495,Video 495,Education,740667,27861,1342,2023-10-12,65.32,False
vid_496,Video 496,Education,519490,18400,4763,2023-08-14,360.28,False
vid_497,Video 497,Tech,757357,29591,4012,2023-11-13,51.48,False
vid_498,Video 498,Education,554608,35625,3144,2023-09-27,311.95,False
vid_499,Video 499,Vlogs,464092,26632,4096,2023-11-19,178.68,False
vid_500,Video 500,Tech,35924,6564,235,2022-10-27,394.67,False
